class,precision_mean,precision_std,recall_mean,recall_std,f1_mean,f1_std,support
Chinee apple,0.9415554412849607,0.005008446530200205,0.9026548672566371,0.004424778761061954,0.9216872467436801,0.0034182177859413527,226
Lantana,0.9628570975954128,0.011816211017681532,0.9702660406885758,0.005421129288165514,0.966504050471572,0.00467956442798942,213
Parkinsonia,0.9684701125816554,0.012975082581027276,0.9838969404186795,0.00737934894517847,0.9760595408133014,0.00460635912997962,207
Parthenium,0.9914433680173973,0.0029007739776355725,0.9398373983739837,0.010154468290078643,0.9649239644846919,0.004526223918431097,205
Prickly acacia,0.9223620111577976,0.00908897657829161,0.9655712050078247,0.010842258576331028,0.9434217300425253,0.005327857845971332,213
Rubber vine,0.9681454248366013,0.002219502252159409,0.9521452145214521,0.028149706450877818,0.9599266385517172,0.01390409002820314,202
Siam weed,0.9623953570032002,0.017733424153028997,0.986046511627907,0.0,0.9740223999986553,0.009062988476257295,215
Snake weed,0.9502441087862654,0.007949667586884002,0.9346405228758169,0.014150741891902541,0.9423140708671163,0.006512094412329389,204
Negative,0.9768703882552797,0.0053316252808203604,0.9802414928649835,0.003055853108029656,0.9785440876429798,0.002412626572068261,1822
