Filename,Label,split
20170718-101939-2.jpg,0,train
20170707-111046-0.jpg,0,train
20170405-155705-0.jpg,0,train
20170127-101503-0.jpg,1,train
20170714-141357-3.jpg,1,train
20170714-110953-1.jpg,1,train
20170920-163929-3.jpg,2,train
20170920-171023-3.jpg,2,train
20170920-164451-3.jpg,2,train
20171025-091610-2.jpg,3,train
20171025-095851-1.jpg,3,train
20171025-091627-3.jpg,3,train
20170729-085816-3.jpg,4,train
20170920-100505-3.jpg,4,train
20170728-121232-2.jpg,4,train
20171109-195038-1.jpg,5,train
20171109-095422-2.jpg,5,train
20171109-073733-3.jpg,5,train
20171113-133809-3.jpg,6,train
20171113-143248-2.jpg,6,train
20171113-133946-1.jpg,6,train
20180109-092052-2.jpg,7,train
20170304-132246-0.jpg,7,train
20170210-141728-0.jpg,7,train
20180119-111543-2.jpg,8,train
20180322-113040-1.jpg,8,train
20171212-103320-3.jpg,8,train
