stage,exp_id,seed,curve,history,config
2,S01_full_epoch,0,curves/S01_full_epoch_seed0.png,validation/stage2_kaggle/runs/S01_full_epoch/seed0/history.csv,validation/stage2_kaggle/runs/S01_full_epoch/seed0/config.json
2,S02_resume,0,curves/S02_resume_seed0.png,validation/stage2_kaggle/runs/S02_resume/seed0/history.csv,validation/stage2_kaggle/runs/S02_resume/seed0/config.json
3,B01_resnet50,0,curves/B01_resnet50_seed0.png,validation/stage3_kaggle/runs/B01_resnet50/seed0/history.csv,validation/stage3_kaggle/runs/B01_resnet50/seed0/config.json
3,B02_convnext_tiny,0,curves/B02_convnext_tiny_seed0.png,validation/stage3_kaggle/runs/B02_convnext_tiny/seed0/history.csv,validation/stage3_kaggle/runs/B02_convnext_tiny/seed0/config.json
3,B03_deit_small,0,curves/B03_deit_small_seed0.png,validation/stage3_kaggle/runs/B03_deit_small/seed0/history.csv,validation/stage3_kaggle/runs/B03_deit_small/seed0/config.json
3,B04_efficientnet_b0,0,curves/B04_efficientnet_b0_seed0.png,validation/stage3_kaggle/runs/B04_efficientnet_b0/seed0/history.csv,validation/stage3_kaggle/runs/B04_efficientnet_b0/seed0/config.json
3,B05_mobilenetv3,0,curves/B05_mobilenetv3_seed0.png,validation/stage3_kaggle/runs/B05_mobilenetv3/seed0/history.csv,validation/stage3_kaggle/runs/B05_mobilenetv3/seed0/config.json
4,T00,0,curves/T00_stage4_seed0.png,validation/stage4_kaggle/runs/T00/seed0/history.csv,validation/stage4_kaggle/runs/T00/seed0/config.json
4,T01_scratch,0,curves/T01_scratch_seed0.png,validation/stage4_kaggle/runs/T01_scratch/seed0/history.csv,validation/stage4_kaggle/runs/T01_scratch/seed0/config.json
4,T02_frozen,0,curves/T02_frozen_seed0.png,validation/stage4_kaggle/runs/T02_frozen/seed0/history.csv,validation/stage4_kaggle/runs/T02_frozen/seed0/config.json
4,T03_randaug,0,curves/T03_randaug_seed0.png,validation/stage4_kaggle/runs/T03_randaug/seed0/history.csv,validation/stage4_kaggle/runs/T03_randaug/seed0/config.json
4,T04_cutmix,0,curves/T04_cutmix_seed0.png,validation/stage4_kaggle/runs/T04_cutmix/seed0/history.csv,validation/stage4_kaggle/runs/T04_cutmix/seed0/config.json
4,T05_smoothing,0,curves/T05_smoothing_seed0.png,validation/stage4_kaggle/runs/T05_smoothing/seed0/history.csv,validation/stage4_kaggle/runs/T05_smoothing/seed0/config.json
4,T06_focal,0,curves/T06_focal_seed0.png,validation/stage4_kaggle/runs/T06_focal/seed0/history.csv,validation/stage4_kaggle/runs/T06_focal/seed0/config.json
4,T07_combined,0,curves/T07_combined_seed0.png,validation/stage4_kaggle/runs/T07_combined/seed0/history.csv,validation/stage4_kaggle/runs/T07_combined/seed0/config.json
6,F01,0,curves/F01_seed0.png,validation/stage6_kaggle/runs/F01/seed0/history.csv,validation/stage6_kaggle/runs/F01/seed0/config.json
6,F01,1,curves/F01_seed1.png,validation/stage6_kaggle/runs/F01/seed1/history.csv,validation/stage6_kaggle/runs/F01/seed1/config.json
6,F01,2,curves/F01_seed2.png,validation/stage6_kaggle/runs/F01/seed2/history.csv,validation/stage6_kaggle/runs/F01/seed2/config.json
6,T00,0,curves/T00_seed0.png,validation/stage6_kaggle/runs/T00/seed0/history.csv,validation/stage6_kaggle/runs/T00/seed0/config.json
6,T00,1,curves/T00_seed1.png,validation/stage6_kaggle/runs/T00/seed1/history.csv,validation/stage6_kaggle/runs/T00/seed1/config.json
6,T00,2,curves/T00_seed2.png,validation/stage6_kaggle/runs/T00/seed2/history.csv,validation/stage6_kaggle/runs/T00/seed2/config.json
